"","geo_accession","disease_id"
"GSM2562699","GSM2562699","CHD7"
"GSM2562700","GSM2562700","CHD7"
"GSM2562701","GSM2562701","CHD7"
"GSM2562702","GSM2562702","CHD7"
"GSM2562703","GSM2562703","CHD7"
"GSM2562704","GSM2562704","CHD7"
"GSM2562705","GSM2562705","CHD7"
"GSM2562706","GSM2562706","CHD7"
"GSM2562707","GSM2562707","CHD7"
"GSM2562708","GSM2562708","CHD7"
"GSM2562709","GSM2562709","CHD7"
"GSM2562710","GSM2562710","CHD7"
"GSM2562711","GSM2562711","CHD7"
"GSM2562712","GSM2562712","CHD7"
"GSM2562713","GSM2562713","CHD7"
"GSM2562714","GSM2562714","CHD7"
"GSM2562715","GSM2562715","CHD7"
"GSM2562716","GSM2562716","CHD7"
"GSM2562717","GSM2562717","CHD7"
"GSM2562718","GSM2562718","CHD7"
"GSM2562719","GSM2562719","CHD7"
"GSM2562720","GSM2562720","CHD7"
"GSM2562721","GSM2562721","CHD7"
"GSM2562722","GSM2562722","CHD7"
"GSM2562723","GSM2562723","CHD7"
"GSM2562724","GSM2562724","CHD7"
"GSM2562725","GSM2562725","CHD7"
"GSM2562726","GSM2562726","CHD7"
"GSM2562727","GSM2562727","CHD7"
"GSM2562728","GSM2562728","CHD7"
"GSM2562729","GSM2562729","CHD7"
"GSM2562730","GSM2562730","CHD7"
"GSM2562731","GSM2562731","CHD7"
"GSM2562732","GSM2562732","CHD7"
"GSM2562733","GSM2562733","CHD7"
"GSM2562734","GSM2562734","CHD7"
"GSM2562735","GSM2562735","CHD7"
"GSM2562736","GSM2562736","CHD7"
"GSM2562737","GSM2562737","CHD7"
"GSM2562738","GSM2562738","CHD7"
"GSM2562739","GSM2562739","CHD7"
"GSM2562740","GSM2562740","CHD7"
"GSM2562741","GSM2562741","CHD7"
"GSM2562742","GSM2562742","CHD7"
"GSM2562743","GSM2562743","CHD7"
"GSM2562744","GSM2562744","CHD7"
"GSM2562745","GSM2562745","CHD7"
"GSM2562746","GSM2562746","CHD7"
"GSM2562747","GSM2562747","CHD7"
"GSM2562748","GSM2562748","CHD7"
"GSM2562749","GSM2562749","CHD7"
"GSM2562750","GSM2562750","CHD7"
"GSM2562751","GSM2562751","CHD7"
"GSM2562752","GSM2562752","CHD7"
"GSM2562753","GSM2562753","CHD7"
"GSM2562754","GSM2562754","CHD7"
"GSM2562755","GSM2562755","CHD7"
"GSM2562756","GSM2562756","CHD7"
"GSM2562757","GSM2562757","CHD7"
"GSM2562758","GSM2562758","CHD7"
"GSM2562759","GSM2562759","CHD7"
"GSM2562760","GSM2562760","CHD7"
"GSM2562761","GSM2562761","CHD7"
"GSM2562762","GSM2562762","CHD7"
"GSM2562763","GSM2562763","CHD7"
"GSM2562764","GSM2562764","CHD7"
"GSM2562765","GSM2562765","CHD7"
"GSM2562766","GSM2562766","CHD7"
"GSM2562767","GSM2562767","CHD7"
"GSM2562768","GSM2562768","CHD7"
"GSM2562769","GSM2562769","CHD7"
"GSM2562770","GSM2562770","CHD7"
"GSM2562884","GSM2562884","CTRL"
"GSM2562933","GSM2562933","CTRL"
"GSM2562863","GSM2562863","CTRL"
"GSM2562814","GSM2562814","CTRL"
"GSM2562858","GSM2562858","CTRL"
"GSM2562859","GSM2562859","CTRL"
"GSM2562831","GSM2562831","CTRL"
"GSM2562915","GSM2562915","CTRL"
"GSM2562840","GSM2562840","CTRL"
"GSM2562829","GSM2562829","CTRL"
"GSM2562826","GSM2562826","CTRL"
"GSM2562862","GSM2562862","CTRL"
"GSM2562876","GSM2562876","CTRL"
"GSM2562927","GSM2562927","CTRL"
"GSM2562935","GSM2562935","CTRL"
"GSM2562832","GSM2562832","CTRL"
"GSM2562854","GSM2562854","CTRL"
"GSM2562929","GSM2562929","CTRL"
"GSM2562895","GSM2562895","CTRL"
"GSM2562836","GSM2562836","CTRL"
"GSM2562890","GSM2562890","CTRL"
"GSM2562835","GSM2562835","CTRL"
"GSM2562841","GSM2562841","CTRL"
"GSM2562811","GSM2562811","CTRL"
"GSM2562838","GSM2562838","CTRL"
"GSM2562819","GSM2562819","CTRL"
"GSM2562848","GSM2562848","CTRL"
"GSM2562839","GSM2562839","CTRL"
"GSM2562809","GSM2562809","CTRL"
"GSM2562820","GSM2562820","CTRL"
"GSM2562847","GSM2562847","CTRL"
"GSM2562860","GSM2562860","CTRL"
"GSM2562874","GSM2562874","CTRL"
"GSM2562833","GSM2562833","CTRL"
"GSM2562886","GSM2562886","CTRL"
"GSM2562844","GSM2562844","CTRL"
"GSM2562830","GSM2562830","CTRL"
"GSM2562881","GSM2562881","CTRL"
"GSM2562853","GSM2562853","CTRL"
"GSM2562815","GSM2562815","CTRL"
"GSM2562817","GSM2562817","CTRL"
"GSM2562810","GSM2562810","CTRL"
"GSM2562845","GSM2562845","CTRL"
"GSM2562827","GSM2562827","CTRL"
"GSM2562846","GSM2562846","CTRL"
"GSM2562823","GSM2562823","CTRL"
"GSM2562899","GSM2562899","CTRL"
"GSM2562909","GSM2562909","CTRL"
"GSM2562872","GSM2562872","CTRL"
"GSM2562821","GSM2562821","CTRL"
"GSM2562898","GSM2562898","CTRL"
"GSM2562843","GSM2562843","CTRL"
"GSM2562813","GSM2562813","CTRL"
"GSM2562861","GSM2562861","CTRL"
"GSM2562828","GSM2562828","CTRL"
"GSM2562834","GSM2562834","CTRL"
"GSM2562812","GSM2562812","CTRL"
"GSM2562894","GSM2562894","CTRL"
"GSM2562850","GSM2562850","CTRL"
"GSM2562866","GSM2562866","CTRL"
"GSM2562879","GSM2562879","CTRL"
"GSM2562931","GSM2562931","CTRL"
"GSM2562882","GSM2562882","CTRL"
"GSM2562825","GSM2562825","CTRL"
"GSM2562934","GSM2562934","CTRL"
"GSM2562818","GSM2562818","CTRL"
"GSM2562887","GSM2562887","CTRL"
"GSM2562877","GSM2562877","CTRL"
"GSM2562816","GSM2562816","CTRL"
"GSM2562837","GSM2562837","CTRL"
"GSM2562824","GSM2562824","CTRL"
"GSM2562822","GSM2562822","CTRL"
